Test,F_Statistic,P_Value,Significant
Head Movement ANOVA,9.442230449094573,3.31025582921999e-06,True
Gaze Movement ANOVA,14.003237738971851,4.621217881552153e-09,True
