model,r2_score,mse,rmse,mae
Pipeline,0.1260473461462569,0.07708721312401483,0.2776458411790366,0.22791760554735116
LinearRegression,0.03653171989498227,0.08498296139863072,0.2915183723174763,0.24413593240517212
GradientBoostingRegressor,-0.07356361748926576,0.09469394825755975,0.3077238181512113,0.26019369661655956
RandomForestRegressor,-0.07595703565913303,0.09490506030778567,0.30806664913259546,0.2607186378328016
ExtraTreesRegressor,-0.07633044912575215,0.09493799733630512,0.30812010212951885,0.260597378424619
