model,r2_score,mse,rmse,mae
DecisionTreeClassifier,0.9646510029261206,0.031158875784867514,0.1765187689308633,0.12760123514696697
DecisionTreeRegressor,0.9646510029261206,0.0311588757848675,0.17651876893086327,0.1276012351469669
Pipeline,0.9645607954753268,0.031238390424229923,0.1767438554072812,0.13583046192966988
RandomForestRegressor,0.9640749329664996,0.031666660836808566,0.17795128782003397,0.1307017704813107
GradientBoostingRegressor,0.9637376692842816,0.031963946702062755,0.17878463776863704,0.13035213045757105
RandomForestClassifier,0.9317853156994775,0.060128802816714975,0.24521175097599823,0.17922167221736002
GradientBoostingClassifier,0.9262360086533841,0.06502031836890831,0.25499082016595875,0.17617615248219384
LogisticRegression,0.759064371280391,0.21237613366322744,0.460842851374769,0.4080271310988437
