model,r2_score,mse,rmse,mae
RandomForestRegressor,0.9241615058500074,0.052784252140867925,0.22974823642602335,0.1765011295487546
Pipeline,0.9194265746097428,0.05607980550406491,0.23681175119504713,0.2061663524611411
DecisionTreeClassifier,0.9170888268904054,0.057706898268000774,0.24022260149286698,0.19154186278704896
GradientBoostingClassifier,0.913098995252311,0.06048385582161814,0.2459346576260006,0.2026949584926303
GradientBoostingRegressor,0.9109969909038346,0.061946869147169396,0.24889127977325642,0.19759242350160341
RandomForestClassifier,0.908873797983467,0.06342462990321412,0.25184247041199015,0.20010305351490223
LogisticRegression,0.8637313788823932,0.0948441465851662,0.30796776874401355,0.24079982609034115
DecisionTreeRegressor,0.8054703328593394,0.13539434180910284,0.3679597013384792,0.2498074454428755
