{
    "training_date": "2025-07-02 14:18:52",
    "feature_columns": [
        "frame_rate",
        "distance",
        "quantization_parameter"
    ],
    "best_classifier": "MLPClassifier",
    "best_regressor": "ExtraTreesRegressor",
    "performance_metrics": {
        "model": {
            "0": "ExtraTreesRegressor",
            "1": "RandomForestRegressor",
            "2": "GradientBoostingRegressor",
            "3": "Pipeline",
            "4": "LinearRegression",
            "5": "MLPClassifier",
            "6": "RandomForestClassifier",
            "7": "LogisticRegression",
            "8": "DecisionTreeClassifier",
            "9": "GradientBoostingClassifier"
        },
        "r2_score": {
            "0": 0.7981471701127173,
            "1": 0.7366401471917043,
            "2": 0.7334662893787893,
            "3": 0.1958917220634384,
            "4": 0.034814200978771526,
            "5": -1.019408694063837,
            "6": -1.243834196070082,
            "7": -1.4088789898265466,
            "8": -1.4472715455616942,
            "9": -1.4576316468252264
        },
        "mse": {
            "0": 0.10232126396906405,
            "1": 0.13349980296584996,
            "2": 0.1351086639526239,
            "3": 0.40761071030017876,
            "4": 0.4892625531977505,
            "5": 1.023658921017421,
            "6": 1.1374225033511138,
            "7": 1.2210853973422715,
            "8": 1.2405469765136743,
            "9": 1.245798617804629
        },
        "rmse": {
            "0": 0.31987695129387494,
            "1": 0.36537624849714845,
            "2": 0.3675713045826944,
            "3": 0.6384439758508015,
            "4": 0.6994730539468625,
            "5": 1.0117603080855766,
            "6": 1.0665001187768868,
            "7": 1.1050273287762034,
            "8": 1.1137984451926992,
            "9": 1.1161534920451708
        },
        "mae": {
            "0": 0.19788257029265907,
            "1": 0.22513220922206797,
            "2": 0.23188860127475594,
            "3": 0.4566104576112027,
            "4": 0.5340542055796164,
            "5": 0.9657034498084109,
            "6": 1.0141213003911962,
            "7": 1.0527395481074573,
            "8": 1.0528180995665009,
            "9": 1.0850095401304072
        }
    }
}