Category,Correlation,Sample_Size
Overall,0.7105478833281875,3103
Low,0.7672282117066447,836
Medium,0.637814138694932,1431
High,0.7075914345283845,836
