Test,F_Statistic,P_Value,Significant
Head Movement ANOVA,14.991185131694074,1.094066543170971e-09,True
Gaze Movement ANOVA,13.885536903555925,5.416181068422397e-09,True
